index,type,metre,text
0,test,J,"""Tvá loď jde po vysokém moři,"""
1,test,J,"""v ně brázdu jako stříbro reje,"""
2,test,J,"""svou přídu v modré vlny noří"""
3,test,J,"""a bok svůj pěnné do peřeje."""
4,test,J,"""Tvá lana sviští, plachty duní"""
5,test,J,"""a třepe vlajka. V noční chvíli"""
6,test,J,"""zříš magický svit mořských tůní,"""
7,test,J,"""a ve snu, Albatros jak pílí."""
8,test,J,"""Já samotním, jsem na ostrově,"""
9,test,J,"""ohýnek topím, rybku lově"""
10,test,J,"""zasedám na břeh za večera."""
11,test,J,"""Dým v kotoučích se modrých krade,"""
12,test,J,"""kdes písklo ptáče, ještě mladé,"""
13,test,J,"""tma na mne hrozí z pološera."""
14,test,J,"""Už míza naplňuje stonky,"""
15,test,J,"""už přišly modré anemonky,"""
16,test,J,"""a na mezích se posadily"""
17,test,J,"""drobounké žluté potentilly."""
18,test,J,"""Stařenka pod boží si muka"""
19,test,J,"""zasedla, její svadlá ruka"""
20,test,J,"""fijalku, letos první, drží,"""
21,test,J,"""již pod panskou dnes našla strží."""
22,test,J,"""A vnoučata si sedla stranou,"""
23,test,J,"""majíce knížku malovanou,"""
24,test,J,"""v ní hledají ty ptáčky, včely,"""
25,test,J,"""co přijdou, prý, až po neděli."""
26,test,J,"""Zavýsknul někdo v hloubi lesa"""
27,test,J,"""a větřík ozvuk dále nesa"""
28,test,J,"""dech’ do studánky v tichém houští"""
29,test,J,"""a na pavouka, jenž se spouští."""
30,test,J,"""A zase ticho po vůkolí."""
31,test,J,"""Sem tam přelétne ptáče poli,"""
32,test,J,"""sem tam si moucha pozabzučí."""
33,test,J,"""A přece všecko vůkol pučí."""
34,test,J,"""A přec se květy všude strojí"""
35,test,J,"""jaks tajně jako pod závoji –"""
36,test,J,"""vše tiché, jako píseň třtiny,"""
37,test,J,"""vše jemné jako pavučiny,"""
38,test,J,"""jak první kadidlová vůně"""
39,test,J,"""se rodí v obětnice lůně,"""
40,test,J,"""když oběť zapaluje čile"""
41,test,J,"""mladinká kněžka v říze bílé."""
42,test,J,"""Už jaro výskalo si na potkání,"""
43,test,J,"""kosové pěli ze zelených strání;"""
44,test,J,"""už mlíčí pozlatilo každou mezi"""
45,test,J,"""a přes ploty se usmívaly bezy –"""
46,test,J,"""a v tom se jaro na smrt rozestoná!"""
47,test,J,"""Jak možno to? Nu, slyšte, kdo to koná."""
48,test,J,"""Jeť Zima na útěku ku severu."""
49,test,J,"""Tré čarodějův, zlomyslných věru,"""
50,test,J,"""co sedí v zadu na posledních saních,"""
51,test,J,"""se ohlédlo a vidí jara světlo."""
52,test,J,"""I setřásli, co ještě mrazu na nich."""
53,test,J,"""A hned se zarazilo vše, co zkvetlo,"""
54,test,J,"""tři dni je šedě zamračeno nebe,"""
55,test,J,"""na horách jíní, v údolí to zebe."""
56,test,J,"""Ovocné stromy v zeleni své chladné,"""
57,test,J,"""jich sněhobílý květ, jenž mrazem vadne,"""
58,test,J,"""těch barev spolu dvé – je pohled krutý."""
59,test,J,"""Tak vypadají rozmarinek pruty,"""
60,test,J,"""jež spjaty jsouce v lesklé bílé stužky"""
61,test,J,"""voskových svící smutnou tvoří zdobu,"""
62,test,J,"""když řada mládenců a jejich družky"""
63,test,J,"""ven z města za rakví jdou k hrobu."""
64,test,J,"""Jen kosův radost tím se neutlumí,"""
65,test,J,"""vždyť slunce zase dokáže, co umí."""
66,test,J,"""Teď slunce prošlo poledníkem,"""
67,test,J,"""dal znamení, a tímže mžikem"""
68,test,J,"""stroj na hvězdárně hlásí polední."""
69,test,J,"""A hodiny už bijou s věží"""
70,test,J,"""a zvony zvoní, z dílen běží"""
71,test,J,"""tisíce lidí, čas je obědní."""
72,test,J,"""A mistr z hvězdárny se dívá,"""
73,test,J,"""jej upoutala směs ta živá"""
74,test,J,"""a zamyslil se vážně na chvíli."""
75,test,J,"""Ach, jak ta zeměkoule letí"""
76,test,J,"""do prázna, rychle nad ponětí,"""
77,test,J,"""s ní boly, žaly – vše má na píli."""
78,test,J,"""Kdo s pevného by patřil bodu,"""
79,test,J,"""zřel zem by jako kouli v hodu,"""
80,test,J,"""jak mizí před ním v nebes hluboku."""
81,test,J,"""Tak u moře kdož jednou stáli,"""
82,test,J,"""viděli, jak se ztrácí v dáli"""
83,test,J,"""loď plná zbičovaných otroků."""
84,test,J,"""Skal nebetyčných shluky, řady,"""
85,test,J,"""jež vystupují z pásma lesů,"""
86,test,J,"""jak pevnosti, jak domy, hrady,"""
87,test,J,"""ta spousta hrotů, stěn a tesů"""
88,test,J,"""plá ohněm. Hoří západ celý,"""
89,test,J,"""i skrytý kout je uzardělý."""
90,test,J,"""Na straně východní je všade"""
91,test,J,"""jen stín. Do modře tmavé, syté"""
92,test,J,"""se skála, hřbet a propast klade"""
93,test,J,"""i v nebe samo modro vpité."""
94,test,J,"""Snad rozlítly se barvy duhy:"""
95,test,J,"""tam zlaté, sem šly modré pruhy."""
96,test,J,"""Na podzim takto Alpy hoří,"""
97,test,J,"""když slunce k západu se chýlí,"""
98,test,J,"""by utonulo někde v moři"""
99,test,J,"""tam za zeměmi, na sta mílí."""
100,test,J,"""Už zašlo. Barvy rudé vadnou,"""
101,test,J,"""jak litiny kdy žhavé chladnou."""
102,test,J,"""Teď hustá leze cestou bludnou"""
103,test,J,"""tma z údolí se kradouc vzhůru"""
104,test,J,"""a drahou lidem nikdy schůdnou"""
105,test,J,"""se dostává až ke azuru;"""
106,test,J,"""hor hřbetů chytila se němě,"""
107,test,J,"""kde ostrá mez je nebes, země."""
108,test,J,"""Jak mozkem myšlénky se blysknou,"""
109,test,J,"""tak z nebe hvězdy vyskakují,"""
110,test,J,"""sem tam i v hustém sboru trysknou,"""
111,test,J,"""jak rosné kapky z mechu v sluji."""
112,test,J,"""Už nebe plno. Slávou odín"""
113,test,J,"""kruh šine hvězd se během hodin."""
114,test,J,"""Jak opat v bílém pluviále,"""
115,test,J,"""kdy monstranci nad hlavu zdvíhá,"""
116,test,J,"""se nad ledákem bílým stále"""
117,test,J,"""roj hvězdic třepetavě míhá;"""
118,test,J,"""však za hodinu – jak by včely"""
119,test,J,"""do modra z oulu vyletěly."""
120,test,J,"""Tam mezi dvěma skaliskama"""
121,test,J,"""se jakás rudá hvězda sadí"""
122,test,J,"""a pomalu se šine sama,"""
123,test,J,"""jak pochodeň jde přes podhradí;"""
124,test,J,"""teď zašla za černými srázy"""
125,test,J,"""jak strážce, dvůr jenž obechází."""
126,test,J,"""I večernice, hvězda snílků,"""
127,test,J,"""se v tichém toku nese dolů,"""
128,test,J,"""na hřbetě hory čeká chvilku,"""
129,test,J,"""pak zajde. Vždyť tam v dolech spolu"""
130,test,J,"""výskají mladí rozohněni,"""
131,test,J,"""že milujícím smutno není."""
132,test,J,"""Noc červencová nespí více,"""
133,test,J,"""už dosnila svůj letní sen,"""
134,test,J,"""v nějž upadla, když večernice"""
135,test,J,"""běh za horou byl ukončen."""
136,test,J,"""Bělá se nebe na východě,"""
137,test,J,"""kruh bílý roste v šíř a v dál."""
138,test,J,"""Běl žloutne ve svém středním bodě"""
139,test,J,"""a okraj modrá na opál."""
140,test,J,"""Žluť nebe rudne, hoří v středu,"""
141,test,J,"""požár se vzmáhá dokola,"""
142,test,J,"""vše oslepujíc při pohledu"""
143,test,J,"""vyrazí slunce, vzplápolá."""
144,test,J,"""Paprsky švihnou do rumiští,"""
145,test,J,"""kde zmije plod svůj ukryly,"""
146,test,J,"""a tisícerou zlatou tříští"""
147,test,J,"""se rozeskáčou v obilí."""
148,test,J,"""A tančí po stromech a křovím,"""
149,test,J,"""se vpředou snících do kuklí,"""
150,test,J,"""tam života hnou proudem novým,"""
151,test,J,"""by závoje se rozpukly."""
152,test,J,"""A kde jen po životě stopy"""
153,test,J,"""a kde se červík vylíhá,"""
154,test,J,"""kde zárodek – tam slunce topí,"""
155,test,J,"""že teplem život obíhá."""
156,test,J,"""Vše k předu žene bez únavy,"""
157,test,J,"""atómy mrská v výparu,"""
158,test,J,"""slučuje, bourá, nově staví –"""
159,test,J,"""a k poledni vše ve varu."""
160,test,J,"""Jak selka pilná oběd strojí"""
161,test,J,"""sekáčům žnoucím chvátavě,"""
162,test,J,"""tak slunce ohně svého znoji"""
163,test,J,"""hod chystá – Smrti k potravě."""
164,test,J,"""Sněženka vzbudila se časně ráno,"""
165,test,J,"""malounko sněhu na pažitě stláno."""
166,test,J,"""Zelené borovice stojí v kruhu,"""
167,test,J,"""šedé se mlhy kradou v luhu,"""
168,test,J,"""křů chytají se, naň se víží."""
169,test,J,"""Tu černý havran slétnuv s borovice,"""
170,test,J,"""bez krákorání všeho, bez povyku,"""
171,test,J,"""krok za krokem se v měkkém sněhu blíží."""
172,test,J,"""A stanul před sněženkou. –"""
173,test,J,"""V pokojíku,"""
174,test,J,"""kde časně z rána všichni leží spíce,"""
175,test,J,"""si představ dítko malé, košiláče,"""
176,test,J,"""jak stojí probuzené na postýlce"""
177,test,J,"""a mnouc si z víček sen, ty druhé spáče"""
178,test,J,"""a matku nevidí. V té ranní chvilce"""
179,test,J,"""kdyby tak vstoupil stařec přihrbělý,"""
180,test,J,"""ve plášti černém zahalen jsa celý,"""
181,test,J,"""a od dveří se plíže v polosvitě"""
182,test,J,"""své oko, živoucím jež nevraží,"""
183,test,J,"""upíral na to vyjevené dítě,"""
184,test,J,"""rakvičku černou nesa pod paží – –"""
185,test,J,"""Do chrámu vstoupím v starobylém městě."""
186,test,J,"""– Kdos na varhany právě hrál,"""
187,test,J,"""se cviče v písni o soudu a trestě –"""
188,test,J,"""tam tiše pod kůrem jsem stál"""
189,test,J,"""a četl s náhrobního kamena:"""
190,test,J,"""„Leta božieho“ – avšak bez jmena."""
191,test,J,"""Tu tedy pod kůr zazděn na staletí"""
192,test,J,"""kýs dobrý staročeský pán!"""
193,test,J,"""Však, rozvážíš-li blíže, jasno je ti,"""
194,test,J,"""že lhostejno, zda do zdi dán,"""
195,test,J,"""by na věky stál tiše v samotě."""
196,test,J,"""Jsa člověkem, byl zazděn v životě."""
197,test,J,"""Než z lůna matky vykročíš, už bolů"""
198,test,J,"""tvých míra vyměřena jest,"""
199,test,J,"""jda životem a dále k hrobu dolů"""
200,test,J,"""vždy cítíš, že tě drží pěsť,"""
201,test,J,"""že štván jsi do radosti, do trudu."""
202,test,J,"""Jsi, brachu, zazděn do svých osudů."""
203,test,J,"""Ó, moře dávných věků, tvoje vlny"""
204,test,J,"""nás vrhly do zátoky sem."""
205,test,J,"""A kolem hory, skály! Potu plny"""
206,test,J,"""už doly jsou a krve plná zem."""
207,test,J,"""Jsme v Čechách do osudu zazděni."""
208,test,J,"""To pochopit – je české umění."""
209,test,J,"""„Kraj světa obešel jsem, všecky typy"""
210,test,J,"""plemene lidského jsem poznal, pletě"""
211,test,J,"""všech pásem: nejlibější v celém světě –"""
212,test,J,"""od břehů širých otce Missisipi"""
213,test,J,"""až k Indu, rumem bohatému v letě –"""
214,test,J,"""jsem v Bankoku zřel lidské poupě"""
215,test,J,"""na dvoře krále Siamského skvělém."""
216,test,J,"""Ač příroda tam krásy dává skoupě,"""
217,test,J,"""ten hošek malý pleti světlohnědé"""
218,test,J,"""a nekonečně důvěřivých očí"""
219,test,J,"""v půvabu objevil se děcka celém;"""
220,test,J,"""v hedbáví oděn, rodu vznešeného,"""
221,test,J,"""as čtyřletý byl; cizince mne, bledé"""
222,test,J,"""evropské pleti v uniformy zdobě"""
223,test,J,"""– jsem vzrůstu nad Malajce mohutného –"""
224,test,J,"""nespouštěl s očí. Vyprosil jsem sobě,"""
225,test,J,"""bych dar mu směl dát na památku."""
226,test,J,"""Vojáka z plechu, praporem jak točí,"""
227,test,J,"""– pod hrotem skvěl se ze skla drahý kámen –"""
228,test,J,"""podal jsem chlapečku. On v ručky obě"""
229,test,J,"""vzav hračku, v štěstí svého zmatku"""
230,test,J,"""se zarděl jako růže plná; zmámen"""
231,test,J,"""si z hloubi vzdechl – přeblažené robě.“"""
232,test,J,"""Tak cestovatel vypravoval kdysi."""
233,test,J,"""Bordone Paris, malíř krásných paní,"""
234,test,J,"""jenž vystudoval ženských tváří rysy,"""
235,test,J,"""ten studu nach ne v tváři jenom viděl,"""
236,test,J,"""on znal ty pleti bílé, v jejichž tkani"""
237,test,J,"""je přecitlivé cévstvo (lékař děl by),"""
238,test,J,"""jichž úběl vzplane studem karmínovým,"""
239,test,J,"""jakmile ňadra obnaží, neb šíji."""
240,test,J,"""I kmenovec náš, jejž Schiavone zovou,"""
241,test,J,"""tak ňadra žen ve mnohé scenerii"""
242,test,J,"""maloval, květ jakoby jabloňový"""
243,test,J,"""byl mezi prsy spad’."""
244,test,J,"""Bordone v jedné"""
245,test,J,"""má scéně – jejíž půvab nevybledne –"""
246,test,J,"""sedící ženu. A k ní muž se tulí."""
247,test,J,"""Jest bělostná, muž vášnivý je snědý,"""
248,test,J,"""a levou rukou ke kyčli jak jel by;"""
249,test,J,"""než ona, spité majíc touhou hledy,"""
250,test,J,"""jej zdržuje. Však, by se neminuli"""
251,test,J,"""těch cílů svých, nepouští jeho ruku!"""
252,test,J,"""Nad nimi Amor bez šípu a luku"""
253,test,J,"""– nač potřeba tu ještě jaké střelby? –"""
254,test,J,"""zelený drží nad hlavami věnec."""
255,test,J,"""A ženě ne jen v tváři kvetou růže,"""
256,test,J,"""vytryskl purpur, krasší nad ruměnec,"""
257,test,J,"""z bílého voňavého prsou lůže"""
258,test,J,"""a namalován nach i nad koleno."""
259,test,J,"""Vždyť v ruce hračku má – silného muže."""
260,test,J,"""Ó zmámená ty, přeblažená ženo!"""
261,test,J,"""Do síně vrazil celý uřícený"""
262,test,J,"""a s pláčem hořkým běžel do kuchyně,"""
263,test,J,"""kde stará chůva cosi spravovala;"""
264,test,J,"""jí leknutím se šití octlo v klíně."""
265,test,J,"""Byl pětiletý asi, žluté vlásky"""
266,test,J,"""měl rozcuchány, lpěly v obličeji."""
267,test,J,"""„Mně tolik natloukli!“ lkal chuďas malý."""
268,test,J,"""„Pojď, pojď, holečku!“ byla slova její."""
269,test,J,"""A utřela mu slzy, pot a špínu,"""
270,test,J,"""on přitulil se, usedavě dýše"""
271,test,J,"""a brzo usnul. – Smrt tak někdy volá:"""
272,test,J,"""„Pojď, pojď, holečku!“ – Člověk umře tiše."""
273,test,J,"""A konec bojům, jež nás proháněly,"""
274,test,J,"""ni vlna nešplouchne už v mrtvých moři;"""
275,test,J,"""a konec bolům srdce svírajícím,"""
276,test,J,"""ni bublina se z hloubi nevynoří."""
277,test,J,"""„Klekání odzvonili, půjdem’ také spat.“"""
278,test,J,"""Tak řekla bába. Seděli si před chalupou."""
279,test,J,"""Tři sirotci. Kluk malý, mlčev posavad,"""
280,test,J,"""se táže: „Babičko, na věži zvony, snad"""
281,test,J,"""ty nejdou spat?“ a hledí před se s tváří tupou."""
282,test,J,"""„Ba také jdou, vždyť zvony srdce mají,"""
283,test,J,"""co radost je, co žalost, zvony dobře znají;“"""
284,test,J,"""a vzpomněla na dceřin pohřeb před rokem."""
285,test,J,"""Děvčátko, jež babička zvala prorokem,"""
286,test,J,"""se ozvalo: „Já zvonka znám, jenž jistě spí,"""
287,test,J,"""to zvonek pták.“ – „Máš dobře, holka,“ bába dí,"""
288,test,J,"""„mlaďátkům očka zatáhnou se blanou,"""
289,test,J,"""natáhnou nožičky a lehnou stranou.“ –"""
290,test,J,"""Hoch zase: „Kdo jim očka zatahuje?"""
291,test,J,"""Tatínek?“ – Bába na to: „Dobrý Pán Bůh sám.“"""
292,test,J,"""Na klínu báby bucle – Véna sluje –"""
293,test,J,"""prstíkem tlustým ihned ukazoval tam,"""
294,test,J,"""kde měsíc v ouplňku nad borem stál,"""
295,test,J,"""a ,Pámbu‘ žvatnuv, Véna oblažen se zdál."""
296,test,J,"""Lesk luny lil se jako stříbra proudy,"""
297,test,J,"""osvítil střechy, stromy, potok, hroudy"""
298,test,J,"""a všecky hvězdičky se vyrojily"""
299,test,J,"""a mléčné dráhy pjal se oblouk bílý."""
300,test,J,"""Hleděli vzhůru: „Maminka tam chodí"""
301,test,J,"""a dívá se, kdo k dobrému se hodí.“"""
302,test,J,"""Šli spat. A hodně pozdě otec rodiny,"""
303,test,J,"""když spali všichni, přišel také domů."""
304,test,J,"""Dovedným dělníkem byl v tvrdém lomu,"""
305,test,J,"""kde granit lámali na blízku dědiny."""
306,test,J,"""Uleh’ a ve snu viděl spousty lidu"""
307,test,J,"""a lidu soud a bouř a krev a plameny"""
308,test,J,"""a kterak on, když koule kolem zafičí,"""
309,test,J,"""se svými druhy stojí v mužném klidu."""
310,test,J,"""Pak pochod. On s pozdviženými rameny"""
311,test,J,"""jakéhos pána hlavu nese na tyči."""
312,test,T,"""„Pojedu ti ráno zasit žito,“"""
313,test,T,"""povídá děd večer vnuku."""
314,test,T,"""„Nech ho!“ praví bába, „dělal by mi"""
315,test,T,"""celičký den plno hluku.“"""
316,test,T,"""„Selo se to!“ usmívá se děda,"""
317,test,T,"""„jenom v zimě hodně sněhu!“"""
318,test,T,"""A když první vánice sem přišly,"""
319,test,T,"""byl už věčném na noclehu."""
320,test,T,"""Dlouho ležel sníh a na hřbitově"""
321,test,T,"""ani hrobů vidět není."""
322,test,T,"""Když zas vylezly, jde bába honem"""
323,test,T,"""podívat se na osení."""
324,test,T,"""„Naděl Pán Bůh! Škoda, že tu není."""
325,test,T,"""Co tu ještě horších mizer zbylo!"""
326,test,T,"""Musíme mu dáti na otčenáš,"""
327,test,T,"""že se mu tak urodilo!“"""
328,test,J,"""Ve vozík jedna kravka zapřažena"""
329,test,J,"""a naloženo trochu jetele,"""
330,test,J,"""pro kozu listí, v zadu hrstka sena,"""
331,test,J,"""je k večeru a zítra neděle."""
332,test,J,"""A vedle kráčí, snědé majíc líce"""
333,test,J,"""a prsa bujná, plece k objetí,"""
334,test,J,"""s bičíkem Pepka kyrysnice,"""
335,test,J,"""jak topol štíhlá, let as dvaceti."""
336,test,J,"""Vždy veselá je jako polní kvítí."""
337,test,J,"""A dobrák. Do práce je jako kat."""
338,test,J,"""A říká: „Na lásku ať slunce svítí"""
339,test,J,"""a oko nemá brečky zamokat.“"""
340,test,J,"""Kravička zastavuje, founí trochu,"""
341,test,J,"""a Pepka trhla rychle opratí."""
342,test,J,"""„Už zas se, plosko, pouštíš do vrtochů?"""
343,test,J,"""Dej pozor, sic tě bičík vyplatí!“"""
344,test,J,"""Och, Pepko, Pepko, nedělej zlé oči,"""
345,test,J,"""v tvé vlastní hlavě plno myšlenek;"""
346,test,J,"""ten zítřek se v tvém mozku jaksi točí,"""
347,test,J,"""co sobě myslíš, šlehá na venek."""
348,test,J,"""Ta nová sukně, samé modré květy,"""
349,test,J,"""kol černých vlasů šátek zlatistý,"""
350,test,J,"""zástěra červená jak koukol setý,"""
351,test,J,"""v modlicích knížkách jetel čtyrlistý!"""
352,test,J,"""Až rozsednou se před mší o kázání"""
353,test,J,"""vesnické holky kolem kostela,"""
354,test,J,"""hledíce v závistivém zevlování"""
355,test,J,"""po šatech, nemodlí se docela:"""
356,test,J,"""tu obšírně si také na hrob sedneš"""
357,test,J,"""ku dívkám ostatním, tak pátravým,"""
358,test,J,"""a sukni rozložíc se poohledneš,"""
359,test,J,"""jakoby nic, svým okem kolčavím."""
360,test,J,"""Že, Pepko, to tvé nejsou špekulace?"""
361,test,J,"""Máš ještě horší! Není pomoci!"""
362,test,J,"""Jak řekneš Václavovi věc tu krátce,"""
363,test,J,"""až s tebou domů půjde k půlnoci?"""
364,test,J,"""Ty obejmeš ho, že nepustí dechu,"""
365,test,J,"""a po žhavé jak uhlí hubičce,"""
366,test,J,"""co jest, mu řekneš. Dáš mu herdu v spěchu"""
367,test,J,"""a v dvířkách zmizíš jak stín kratičce."""
368,test,J,"""Omráčen Václav bude v nočním tichu"""
369,test,J,"""se škrábat za uchem a po skráni,"""
370,test,J,"""a Pepka svléká se už v tichém smíchu,"""
371,test,J,"""že jemu nebude dnes do spaní."""
372,test,J,"""Byl z Bernardýnů, ne však čisté krve"""
373,test,J,"""a přišel na svět v parku široširém"""
374,test,J,"""a skončil tamtéž. Nemotorný prve,"""
375,test,J,"""vyrostl statně; pak plul žití vírem."""
376,test,J,"""Byl strážce věrný. Mezi námi žije"""
377,test,J,"""vyčichal, rodinná co monarchie."""
378,test,J,"""Přede mnou sedal, jako sfinga v poušti,"""
379,test,J,"""jak stráž, jež pána nikdy neopouští."""
380,test,J,"""Když na trh směl si vyjít s mojí paní –"""
381,test,J,"""jak v punčochách by komorník šel za ní."""
382,test,J,"""Na světě nejmilejší jemu děti,"""
383,test,J,"""jej tahaly a válely jím v smetí;"""
384,test,J,"""jim velbloudem byl, mostem, hasičem,"""
385,test,J,"""jak chtěly. Nezaúpěl pod bičem."""
386,test,J,"""My odpustili, když jak divý běhal,"""
387,test,J,"""i to, že rád si do resedek lehal."""
388,test,J,"""Byl náš. Pak hostec vjel mu do všech oudů."""
389,test,J,"""Tu v zimě do domu jsme dali boudu."""
390,test,J,"""Už smrt mu chraptívala do štěku."""
391,test,J,"""A konec konců – skonal jednou v podzimí"""
392,test,J,"""a zahrabán do zeleného mlází. –"""
393,test,J,"""Byl v mnohých věcech vzorem – člověku."""
394,test,J,"""Co z nás by teprv mohlo být? Nám schází"""
395,test,J,"""rozhodně styk s bytostmi vyššími."""
396,test,J,"""Už končila se slavnost vzkříšení;"""
397,test,J,"""dal požehnání při Pax Domini,"""
398,test,J,"""a kněží v dlouhý průvod sřaděni"""
399,test,J,"""šli od oltáře. On sám jediný"""
400,test,J,"""šel v zadu s mitrou, berlou jako král,"""
401,test,J,"""na srdci ruku, starý kardinál."""
402,test,J,"""Zvuk varhan plným proudem jásotu"""
403,test,J,"""lil halleluja do prostoru,"""
404,test,J,"""jak moře do svých řine chobotů,"""
405,test,J,"""a skončil. Hudci sešli s choru."""
406,test,J,"""Lid vyvaliv se patřil potěšen,"""
407,test,J,"""jak krásným večerem ten končí den."""
408,test,J,"""A rozhoupaný silou na věži"""
409,test,J,"""zvon ohromný své hřímal hluky,"""
410,test,J,"""že sotva drželi jej v otěži"""
411,test,J,"""a zvoníkům se vytrhoval z ruky."""
412,test,J,"""A hřímal: Halleluja! Vstanul Pán!"""
413,test,J,"""Zas jaro jest! Všem budiž pokoj dán!"""
414,test,J,"""Věž třásla se až v samých základech."""
415,test,J,"""Však mrtví spali; někde ssuly se"""
416,test,J,"""snad prášky popelu; jak kouzla dech"""
417,test,J,"""kov erbu chvěl se, jméno v nápise."""
418,test,J,"""Jen jeden v katakombě nesetlel,"""
419,test,J,"""ne živ, ne mrtev – chrámu stavitel."""
420,test,J,"""On vyhnal k nebi stavbu před časy,"""
421,test,J,"""na věžích třpytly křížů hroty;"""
422,test,J,"""však dole bouřily už zápasy,"""
423,test,J,"""boj víry, bludu, ducha, hmoty,"""
424,test,J,"""a mistr, jenž se srdcem k nebi vznes’,"""
425,test,J,"""měl červa v mysli, v pochybnosti kles’."""
426,test,J,"""A usouzeno jemu v pokutu,"""
427,test,J,"""by po smrti a před věčností"""
428,test,J,"""a netle jako mrtví, v stavbu tu"""
429,test,J,"""byl pohřben, která věrné hostí,"""
430,test,J,"""a za sto let se jednou probudil"""
431,test,J,"""a o vzkříšení Páně svědkem byl."""
432,test,J,"""Když u oltáře biskup zapěje"""
433,test,J,"""a hlásá: „Vstalť jest této chvíle!“"""
434,test,J,"""tu těla jeho tvar se zachvěje"""
435,test,J,"""a duch a sluch zas žijou v síle;"""
436,test,J,"""tu slyší varhan hudbu, sborů zpěv"""
437,test,J,"""a cítí věže chvění, zvonu řev."""
438,test,J,"""Zas uplynulo jedno století,"""
439,test,J,"""vše slyší chodit v starém chodu."""
440,test,J,"""Přichází po zimě zas podletí,"""
441,test,J,"""mráz po jeseni zmrazí vodu,"""
442,test,J,"""pak po zemi se květy bujné strou"""
443,test,J,"""a rody lidské rodí se a mrou."""
444,test,J,"""Jen jiné tváře, zvyky, oděvy,"""
445,test,J,"""jen jiná kola starých strojů,"""
446,test,J,"""jen nových strastí staré úlevy,"""
447,test,J,"""jen nové zbraně starých bojů,"""
448,test,J,"""jen jiné koše, břemen stará tíž,"""
449,test,J,"""jen jiné řeči, avšak smysl týž."""
450,test,J,"""Těch velkých věcí dlouhé trvání –"""
451,test,J,"""zdaž hnou jím plaché pochybnosti?"""
452,test,J,"""Tak dlouhé bude jeho pokání,"""
453,test,J,"""tak dlouho budou držet kosti,"""
454,test,J,"""pokavad státi bude jeho chrám."""
455,test,J,"""Kdy nový vstane, ví Bůh sám."""
456,test,J,"""Já věřím, On že posud světem chodí"""
457,test,J,"""a tu a tam se učni svému zjeví,"""
458,test,J,"""jak v Emauzích. Pak v duších zář se rodí,"""
459,test,J,"""a odkud červánky ty, nikdo neví."""
460,test,J,"""Když víno žehnal v galilejské Káně,"""
461,test,J,"""by žízeň nermoutila vlídných hostí,"""
462,test,J,"""tu z kapek plnily se celé báně"""
463,test,J,"""a srdce přítomných všech veselostí."""
464,test,J,"""On, starý Lve, když přišel k Tobě,"""
465,test,J,"""jsi začal kázat, zpívat hlasem ranním,"""
466,test,J,"""svět poslouchal i v nevěřících době"""
467,test,J,"""a duchů zástupy jdou tiše za ním."""
468,test,J,"""Váš, hrabě Bukvo z Longuevalu,"""
469,test,J,"""když jedete kol Rožmberku,"""
470,test,J,"""se komoň v pyšném houpá cvalu"""
471,test,J,"""a podkovy mu zvoní v štěrku."""
472,test,J,"""Kol luka jsou jak pláčem vlahá,"""
473,test,J,"""vzdech táhne smrkovými lesy;"""
474,test,J,"""jak stařec, jenž si k srdci sahá,"""
475,test,J,"""dub leckde starý oddechne si."""
476,test,J,"""Francouzská krvi! Když se rvete"""
477,test,J,"""pro naši čest a slávu synů,"""
478,test,J,"""tu duby vaše dvoustoleté"""
479,test,J,"""hned pyšně hledí na mýtinu."""
480,test,J,"""A jako správce stříbrovlasý"""
481,test,J,"""a prostomilá jeho žena"""
482,test,J,"""vás vítají a blaho hlásí –"""
483,test,J,"""hrad starý i věž obemšená."""
484,test,J,"""Kol ve smrčinách kormutlivý"""
485,test,J,"""sbor sosen odtuší si v žalu"""
486,test,J,"""a hle! od Rožmberka sivý"""
487,test,J,"""obláček letí k Longuevalu."""
488,test,T,"""Předveden cár Lazar před sultána Bajazita."""
489,test,T,"""Na márách tu ležel Murat i družina sbitá."""
490,test,T,"""„Ty jsi protivil se otci mému Muratovi,"""
491,test,T,"""bratry dva mi zabil’s; tři jsou otevřeny rovy!“"""
492,test,T,"""„Žel, že čtvrtý neleží tu; já tě v bitvě hledal,"""
493,test,T,"""ale Bůh tě pro mé hříchy meči mému nedal.“"""
494,test,T,"""Kynul katu Bajazit, ať cára odepraví."""
495,test,T,"""Teplický tu vojevoda Krajmír prose praví:"""
496,test,T,"""„Aby cárská hlava po zemi se neválela,"""
497,test,T,"""dovol, ať ji chytím ve kraj pláště s svého těla.“"""
498,test,T,"""Klekl Lazar, vedle Krajmír pláštík podestírá;"""
499,test,T,"""šepce cáru v ucho slova, slova bohatýra:"""
500,test,T,"""„Přísahal jsem Bohu, že má hlava s tvojí bude!“"""
501,test,T,"""Sekl kat, dvě hlavy padly v proudu krve rudé."""
502,test,J,"""Odešel z jara. Rakev černou"""
503,test,J,"""mu ozdobili bezů květy,"""
504,test,J,"""se slzou pohřbili ji věrnou."""
505,test,J,"""Stesk bude po něm dlouholetý."""
506,test,J,"""Bez brzy svadl. Rozpadá se"""
507,test,J,"""i rakve jeho bydlo chudé."""
508,test,J,"""Leč vzroste k divuhodné kráse"""
509,test,J,"""a věncem nevadnoucím bude"""
510,test,J,"""a zelenat se bude v sněhu"""
511,test,J,"""a z jara první mízou vzpučí"""
512,test,J,"""a vyžene ze skalních břehů"""
513,test,J,"""tam nad řekou, jež dole hučí,"""
514,test,J,"""vyroste z mechů, ostřic, vřesu"""
515,test,J,"""až k nebi, kde se oblak bělá –"""
516,test,J,"""ten velký věnec smrčích lesů,"""
517,test,J,"""jež ruka jeho vysázela."""
518,test,J,"""Už budeme my staří v zemi"""
519,test,J,"""a mladý leckdo s námi tlíti,"""
520,test,J,"""a hroby naše budou němy"""
521,test,J,"""a zapomněno naše žití;"""
522,test,J,"""však v jeho lesích časně z rána"""
523,test,J,"""zapějou ptáci v sboru četném,"""
524,test,J,"""na sluku večer zazní rána,"""
525,test,J,"""na srnku, až sem přijde s květnem."""
526,test,J,"""Tu louskat budou veveřice"""
527,test,J,"""a datel dlabat tuhou kůru"""
528,test,J,"""a sojky, občas zakřičíce,"""
529,test,J,"""zalétnou k vrškům stromů vzhůru."""
530,test,J,"""Zašumí vítr ve vrcholích,"""
531,test,J,"""hnou smrky se i štíhlé jedle"""
532,test,J,"""a osení se zvlní v polích"""
533,test,J,"""a louky začeří se vedle."""
534,test,J,"""Pak půjde s ručnicí svou tady"""
535,test,J,"""a kamzičí vous na klobouku"""
536,test,J,"""dýmaje mysliveček mladý,"""
537,test,J,"""sběratel motýlů a brouků,"""
538,test,J,"""a vida zeleň mladé chvůje,"""
539,test,J,"""větvičku čerstvou utrhne si"""
540,test,J,"""a barytonem zanotuje"""
541,test,J,"""tvou píseň: „Zahučaly lesy!“"""
542,test,J,"""Je západ. Barvy, stříbro, zlato"""
543,test,J,"""těch oblak, růže, zámky, hory –"""
544,test,J,"""vše z pohádky jen krátké vzato"""
545,test,J,"""a mizí. Za tmavými bory"""
546,test,J,"""ohňové vzpláli příšerní;"""
547,test,J,"""kde růže byly, dým se valí"""
548,test,J,"""a černé hadry, troudy halí –"""
549,test,J,"""to červánky jsou večerní."""
550,test,J,"""Pták velký přes les kamsi chvátá,"""
551,test,J,"""na rudém nebi mává křídly,"""
552,test,J,"""vstříc jemu mha se žene svátá,"""
553,test,J,"""kam letí nocovat, kde sídlí? –"""
554,test,J,"""Jak tepny puls kraj jezerní"""
555,test,J,"""vlnami šplouná. V loďce tmavé"""
556,test,J,"""kdos vesluje. Kam asi plave?"""
557,test,J,"""Už červánky mrou večerní."""
558,test,J,"""Tvé myšlénky jak putovníci"""
559,test,J,"""silnicí prázdnou kráčí v lese;"""
560,test,J,"""kam jdou, sám sobě nechceš říci."""
561,test,J,"""Jdou mlčky. Cosi v tobě hne se,"""
562,test,J,"""že přeludové nevěrní"""
563,test,J,"""i v růžích jsou i ve požáru,"""
564,test,J,"""a pozdě pochopuješ k stáru,"""
565,test,J,"""co červánky dí večerní."""
566,test,J,"""Co v žití za ruce se vedou,"""
567,test,J,"""z těch jsou dva oni poslední."""
568,test,J,"""Co rok se o prázdninách sjedou"""
569,test,J,"""a tráví spolu něco dní."""
570,test,J,"""Tu kradmo sebe pozorují"""
571,test,J,"""a kradmo soudí druha druh:"""
572,test,J,"""„Nu, Václav ještě jako z chvůjí!“ –"""
573,test,J,"""„Jan ještě drží – ale sluch...“"""
574,test,J,"""A večer, při pivě když kouří,"""
575,test,J,"""se na ledacos vzpomene."""
576,test,J,"""Tu Václav oči pozamhouří:"""
577,test,J,"""„Nu, Jene, ještě jednu! Ne?“"""
578,test,J,"""V obou se mysli povynoří"""
579,test,J,"""ten starý student veselý;"""
580,test,J,"""s ním dávní jejich profesoři"""
581,test,J,"""i druhové, již v hrobech tlí."""
582,test,J,"""Venkovských prázdnin steré chvíle,"""
583,test,J,"""těch při koupání sluncí pal,"""
584,test,J,"""v zahrádkách veských růže bílé,"""
585,test,J,"""těch hudeb jásot, zpěvů žal."""
586,test,J,"""A když se zase rozcházejí,"""
587,test,J,"""jen ruce sobě tisknou již;"""
588,test,J,"""a staví se jaks veseleji"""
589,test,J,"""a krátce řeknou: „Brzo piš!“"""
590,test,J,"""Však srdce obě cítí muku,"""
591,test,J,"""jak dětí dvé, jež pozdní tmou"""
592,test,J,"""držíce pevně v ruce ruku,"""
593,test,J,"""by sebe neztratily, jdou."""
594,test,J,"""Stál svatý Vojtěch v Římě velebném,"""
595,test,J,"""stál před oltářem svatou slouže mši"""
596,test,J,"""a Credo čta; když slova pronesl,"""
597,test,J,"""že Kristus vytrpěl a pohřben byl,"""
598,test,J,"""tu oněměl a tělo ztrnulo,"""
599,test,J,"""jen postava tu stála nehybná."""
600,test,J,"""V té chvíli Bůh ho do Čech přenesl,"""
601,test,J,"""dvě postavy mu dal, dvě osoby:"""
602,test,J,"""ta jedna v Římě stála v kostele,"""
603,test,J,"""ta druhá octnula se v Libici."""
604,test,J,"""Tu stála v pluviále pohřebním"""
605,test,J,"""a kolem řadou bledé ležely"""
606,test,J,"""ve rakvích otevřených mrtvoly;"""
607,test,J,"""mrtvoly bratří, sester krvavé."""
608,test,J,"""Slavníkův starobylý zhuben rod"""
609,test,J,"""i čeleď zavražděna veškera,"""
610,test,J,"""Vršovcův pomstou padli krvavou."""
611,test,J,"""I dal mu rozkaz Hospodinův hlas:"""
612,test,J,"""„Teď pohřbi je!“ A „De profundis“ hned"""
613,test,J,"""„clamavi ad Te“ Vojtěch zbožně pěl"""
614,test,J,"""a plně úřad sluhy božího"""
615,test,J,"""až k „Requiem aeternam“ dozpíval."""
616,test,J,"""Pak rukavičku svleknuv s pravice,"""
617,test,J,"""kříž na čelo a ústa, na prsa"""
618,test,J,"""jim všechněm čině, plakal ze srdce,"""
619,test,J,"""pokoje věčného jim žádaje"""
620,test,J,"""a vstání těla z mrtvých slavného."""
621,test,J,"""A Bůh jej do Říma zas přenesl,"""
622,test,J,"""tam tělo u oltáře hnulo se,"""
623,test,J,"""dál Credo zbožně ústa říkala"""
624,test,J,"""a srdcem plálo: „Resurrexit tertia!“"""
625,test,J,"""Jen rukavička v Čechách zůstala."""
626,test,J,"""A sochaři, když jeho postavu"""
627,test,J,"""ze dřeva tesají neb z mramoru,"""
628,test,J,"""vždy ruku obnaženu nechají,"""
629,test,J,"""jež křížky udělala poslední"""
630,test,J,"""na čelo Slavníkovu plemeni."""
631,test,T,"""Pomiluj nás, Hospodine!"""
632,test,T,"""Před Tvým trůnem hvězdy planou,"""
633,test,T,"""jedna z krve Slavníkovy,"""
634,test,T,"""z těch, co září českou stranou."""
635,test,T,"""Otce, matky, ženy, děti"""
636,test,T,"""přineseme v Tvoje sklady,"""
637,test,T,"""svatý Vojtěch, biskup pražský,"""
638,test,T,"""sešli jej, ať žehná tady."""
639,test,T,"""Ležet budem’ k jeho nohám,"""
640,test,T,"""ruku drží nade všemi,"""
641,test,T,"""po boji a po životě"""
642,test,T,"""bude nám mír v naší zemi!"""
643,test,J,"""Snů nočních kraje okouzlené,"""
644,test,J,"""jeť vašich lesů zeleň zlato,"""
645,test,J,"""jež vroubí bystřin stříbrotoky."""
646,test,J,"""Tu nad plesem se duha klene;"""
647,test,J,"""přelétá ptactvo; kouzlem jato,"""
648,test,J,"""tichounkých písní zpívá sloky."""
649,test,J,"""Snů člun se s plavcem tiše kolíbá,"""
650,test,J,"""bez vesla kolem břehu zahýbá"""
651,test,J,"""a propluv růžnou jitra branou"""
652,test,J,"""se rozplývá jak tichá bublina"""
653,test,J,"""a okny ostré větry vanou"""
654,test,J,"""a s věže bije ranní hodina."""
655,test,J,"""Ó horší snové, snové za dne,"""
656,test,J,"""sny vášní, pudů, snové bdělí!"""
657,test,J,"""Váš člun se vlnobitím zmítá,"""
658,test,J,"""modř nebe do šediva vadne,"""
659,test,J,"""stesk racků sípe ochraptělý,"""
660,test,J,"""blesk s bleskem ve mraku se splítá"""
661,test,J,"""a vichr, žena vlny s přívalem,"""
662,test,J,"""do kostí mrazí. V oku zoufalém"""
663,test,J,"""večerní shasla zář. Bouř výská,"""
664,test,J,"""ječící vlny rvou se pospolu,"""
665,test,J,"""a rozkotav se o skaliska"""
666,test,J,"""na výspu vyhodí člun mrtvolu."""
667,test,J,"""Vždy stranou stál jsem, davu hluk"""
668,test,J,"""jak kalných toků přívaly"""
669,test,J,"""mne děsíval; mne jímaly"""
670,test,J,"""víc lesy, hory, polnic zvuk,"""
671,test,J,"""chaloupky v zápolí,"""
672,test,J,"""růže v jich okolí,"""
673,test,J,"""studánka v údolí."""
674,test,J,"""Když večernice stříbrem plá,"""
675,test,J,"""zasedám ve svou besídku"""
676,test,J,"""a slavím v tichém přípitku,"""
677,test,J,"""co spláchla času vlna zlá."""
678,test,J,"""To květů nemělo,"""
679,test,J,"""to trním bolelo"""
680,test,J,"""a všecko zemřelo."""
681,test,J,"""I památky, jež srdce má,"""
682,test,J,"""pomalu každá umírá,"""
683,test,J,"""branka se za vším zavírá"""
684,test,J,"""a život můj se dokoná"""
685,test,J,"""jak píseň večerní"""
686,test,J,"""nad vlnou jezerní"""
687,test,J,"""za mříží klášterní."""
688,test,J,"""Snad ani nevíte, co bolívá,"""
689,test,J,"""že poslal jste mi kytku tu."""
690,test,J,"""Jeť vaše péče příliš horlivá"""
691,test,J,"""o srdce mého zármutu."""
692,test,J,"""Proč peklo srdci mému strojené"""
693,test,J,"""ozdobit mají pomněnky?"""
694,test,J,"""Vždyť muka ta se nezapomene"""
695,test,J,"""a modré v něm jsou plaménky."""
696,test,J,"""Zač peklo v čistoty mé úběle,"""
697,test,J,"""jejž ani skvrna nekalí?"""
698,test,J,"""Já nepadla jsem jako andělé,"""
699,test,J,"""již aspoň nebe mívali!"""
700,test,J,"""Což nečetl jste mezi řádky,"""
701,test,J,"""co sama ani říci nesmím;"""
702,test,J,"""teď sypu růži v psaní toto,"""
703,test,J,"""a rozumíte slovům dnes mým?"""
704,test,J,"""Zda slepec zlata nespatřivší"""
705,test,J,"""penízů pozná tíhy, ceny,"""
706,test,J,"""jež vložila jste v jeho ruku? –"""
707,test,J,"""Jsem vaší krásou oslepený."""
708,test,J,"""Rozsela jarní krásu noc,"""
709,test,J,"""z rána ji ptáci vítali;"""
710,test,J,"""pasáček přišel na pomoc"""
711,test,J,"""s radostným zvukem píšťaly,"""
712,test,J,"""tam pod stromem."""
713,test,J,"""A kolkolem"""
714,test,J,"""stál skot, jejž dneska vyhnali."""
715,test,J,"""Já mladík k písním hotový"""
716,test,J,"""jda tudy pěl jsem mimodík,"""
717,test,J,"""a v dálce šedý kostelík"""
718,test,J,"""v kvetoucím kryl se višňoví."""
719,test,J,"""Po letech zas – byl letní den,"""
720,test,J,"""klas v poli jako zlato zrál,"""
721,test,J,"""po mezích táhnul růží sen; –"""
722,test,J,"""já s mladou ženou svou jsem stál"""
723,test,J,"""tam pod stromem."""
724,test,J,"""Kraj kolkolem"""
725,test,J,"""na naše dítka dvě se smál."""
726,test,J,"""Pak zpíval ptáček ve chvojí,"""
727,test,J,"""ni ratolest se nehnula."""
728,test,J,"""V kočárku děcka usnula,"""
729,test,J,"""my přikryli je závoji."""
730,test,J,"""A po letech – už bělel vlas –"""
731,test,J,"""už lov jen radost jediná,"""
732,test,J,"""tam na horách v podzimní čas."""
733,test,J,"""Jak mnohá milá hodina"""
734,test,J,"""tam pod stromem,"""
735,test,J,"""kdy kolkolem"""
736,test,J,"""lovecká sedla družina!"""
737,test,J,"""Když hajný můj si pozalhal,"""
738,test,J,"""můj Hektor, dobrý stavěcí,"""
739,test,J,"""přemýšlel jaksi o věci"""
740,test,J,"""a stranou na mne zamžoural."""
741,test,J,"""Kde všecko jest? Už šedá skráň"""
742,test,J,"""a chodívám jen o holi,"""
743,test,J,"""mé oko ještě těká v stráň"""
744,test,J,"""a v les a bloudí po poli."""
745,test,J,"""Tam pod stromem"""
746,test,J,"""a kolkolem"""
747,test,J,"""teď větry v sněhu zápolí."""
748,test,J,"""A když teď v loži posedám"""
749,test,J,"""za noci jasné, měsíčné,"""
750,test,J,"""jdou srdcem stesky rozličné"""
751,test,J,"""a hodiny už počítám."""
752,test,J,"""Na stráni povětrno nad městečkem,"""
753,test,J,"""kde stojí starý kostelík;"""
754,test,J,"""už před stalety po morové ráně"""
755,test,J,"""jej postavili Bohu v dík."""
756,test,J,"""Jen jednou za rok jsou tu služby boží,"""
757,test,J,"""když léto zlatí luh i bor,"""
758,test,J,"""lid v průvodu jde s hudbou, pěje písně,"""
759,test,J,"""sta růží věší na prapor."""
760,test,J,"""A večer před tím zvonků malých dvé tu"""
761,test,J,"""svůj stříbrný pozvedá hlas;"""
762,test,J,"""klekáním zvoní do rozlehlých lesů"""
763,test,J,"""a jásají, že pouť tu zas."""
764,test,J,"""Zde po letech jsem, v otčinu se vrátiv,"""
765,test,J,"""stál nad životem zadumán;"""
766,test,J,"""i můj se chýlil k večeru den vážně,"""
767,test,J,"""bylť doorán můj skoro lán."""
768,test,J,"""Aj! jakby zahrál kdosi v širém poli,"""
769,test,J,"""spustily zvonky hudbu svou,"""
770,test,J,"""leč větřík svěží roznášeje tóny"""
771,test,J,"""jim hudbu kazil svojí hrou."""
772,test,J,"""Hned hlaholí to, jako z předaleka,"""
773,test,J,"""jak poutníkův hlas beze sil;"""
774,test,J,"""hned proniká to vzduchem jako z blízka,"""
775,test,J,"""jak před uchem by zazvonil."""
776,test,J,"""A hned to jásá, veselé jak smíchy,"""
777,test,J,"""hned lká to, jaksi žebroní."""
778,test,J,"""Nu, konečně to jedním chodí krokem,"""
779,test,J,"""jak dítek dvou to píseň zní."""
780,test,J,"""Teď jeden zarazil, jen druhý zvoní,"""
781,test,J,"""a vítr skryl se ve svou sluj;"""
782,test,J,"""to z dvojčat za dvě modlí se jen jedno:"""
783,test,J,"""„Anděle boží, strážce můj!“"""
784,test,J,"""Tvé slovo, řeč tvá budiž skoupá!"""
785,test,J,"""Viz, v moři medusa se houpá,"""
786,test,J,"""tu žlutá, onde fijalová,"""
787,test,J,"""tu modrá v hlubině se schová."""
788,test,J,"""Když vynoří se, vlna chytí"""
789,test,J,"""a vymrští ji v písek na ven –"""
790,test,J,"""tu leží rosol lesku zbaven"""
791,test,J,"""a v žáru slunce hyne žití,"""
792,test,J,"""a lesklá bytost čpí a hnije"""
793,test,J,"""a písek mrtvou brzo kryje."""
794,test,J,"""Tak city, jež v tvé duše hloubi"""
795,test,J,"""si hrajou, lesknou se a snoubí,"""
796,test,J,"""nech žíti v oné blahé tůni;"""
797,test,J,"""když řeč, jež jako vlna běží,"""
798,test,J,"""je vrhne v písek na pobřeží,"""
799,test,J,"""zahynou, shnijí na výsluní."""
800,test,T,"""Nežli Vilém, císař starý,"""
801,test,T,"""opustil ten svět, chtěl tvary"""
802,test,T,"""bytostí těch poznat okem,"""
803,test,T,"""které věda tichým krokem"""
804,test,T,"""kráčíc v hloubku zpytování"""
805,test,T,"""sama žasnouc objevila"""
806,test,T,"""jako chorob, smrti stroje,"""
807,test,T,"""jimž se člověk těžce brání."""
808,test,T,"""Koch tu před císařem stoje"""
809,test,T,"""ukazoval drobnohledem"""
810,test,T,"""souchotin bacilla předem."""
811,test,T,"""Starý císař mdlým zře okem"""
812,test,T,"""podivil se nad živokem."""
813,test,T,"""Bacillus v té vážné chvíli"""
814,test,T,"""představit se honem pílí:"""
815,test,T,"""„Ave Caesar Imperator,"""
816,test,T,"""můj rod ze živého žije,"""
817,test,T,"""barba blanca, triumphator,"""
818,test,T,"""žerem také dynastie.“"""
819,test,T,"""Černá sukna visí v Notredamu,"""
820,test,T,"""katafalk je vztyčen prostřed chrámu,"""
821,test,T,"""Paříž krále Umberta smrt želí."""
822,test,T,"""Den je šedý, ponurý a ztmělý..."""
823,test,T,"""Houfy cizinců kol chrámem chodí,"""
824,test,T,"""obdivují stavbu, půvab lodí,"""
825,test,T,"""francké gotiky vše harmonie."""
826,test,T,"""Do deště se dalo, venku lije."""
827,test,T,"""Nikdo nevychází, zástup stojí,"""
828,test,T,"""mnohý sedne, kdosi z kapsy svojí"""
829,test,T,"""číslo novin vytáh’, dámám kolem"""
830,test,T,"""předčítá, co Margarita bolem"""
831,test,T,"""duše jata nebi vyslovila."""
832,test,T,"""Tvář se mnohá těžce zarmoutila,"""
833,test,T,"""oko mnohé prosí v slzí třpytu:"""
834,test,T,"""Potěš, Bože, vdovu Margaritu!"""
835,test,T,"""U vchodu tam klečí na židlici"""
836,test,T,"""milosrdná sestra bledých lící,"""
837,test,T,"""v rukou míšek drží otevřený"""
838,test,T,"""na almužny pro děti a ženy,"""
839,test,T,"""pro starce a pro vše, co je bídné."""
840,test,T,"""Každý, kdo tu prosebnici shlídne,"""
841,test,T,"""sahá do kapsy a peníz drží."""
842,test,T,"""Přestal déšť, jdou ven a sestra trží,"""
843,test,T,"""mince cvakají a měšec botná,"""
844,test,T,"""sotva stačí ústa přeochotná"""
845,test,T,"""říkat „merci!“ Zní to vděčně v hluku,"""
846,test,T,"""jakby dárci políbila ruku."""
847,test,T,"""Až se dnesky do kláštera vrátí,"""
848,test,T,"""něžně velebná jí řekne máti:"""
849,test,T,"""„Máte štěstí, sestro Margarito!“"""
850,test,T,"""Ach, jak hluboce to štěstí skryto."""
851,test,J,"""Když onen starý pán, jenž z pravěku"""
852,test,J,"""zde jako na ukázku lidem zbyl"""
853,test,J,"""– až hodinka i jemu odbije –;"""
854,test,J,"""když onen pán, jenž jako filosof"""
855,test,J,"""si vážně chodí, očkem mžouraje,"""
856,test,J,"""a rypákem svým, hodným obdivu,"""
857,test,J,"""si klátí, jakby o tom přemýšlel,"""
858,test,J,"""proč tolik theorií na světě,"""
859,test,J,"""jichž dříve zapotřebí nebylo;"""
860,test,J,"""když otec slon se s tygrem pustí v boj,"""
861,test,J,"""– což nikdy nedělá, leč přinucen –:"""
862,test,J,"""tu rypák vzácný zvedne do výšky"""
863,test,J,"""a vztekle zařvav čeká na útok."""
864,test,J,"""Že na rypák se dostat nemůže,"""
865,test,J,"""to tygr ví a vida nezbytí"""
866,test,J,"""v týl slonu skočí; tento jako blesk"""
867,test,J,"""tesákem šelmu lítou stranou odhodí"""
868,test,J,"""a každý nový skok tak odrazí,"""
869,test,J,"""až tygr omámen a omráčen"""
870,test,J,"""se při posledním pádu potácí."""
871,test,J,"""Slon šlápne nohou sloupu podobnou"""
872,test,J,"""mu na tělo, až žebra praskají,"""
873,test,J,"""a oči ve sloup obrácené dí,"""
874,test,J,"""že všemu konec jest a že má dost."""
875,test,J,"""„Holečku, vidíš, jak to dopadlo."""
876,test,J,"""Mí předci válčili už s Římany"""
877,test,J,"""a předchůdcové starší v pravěku"""
878,test,J,"""s jinšími pány v světě chodili,"""
879,test,J,"""již krajů předpotopních velebných"""
880,test,J,"""jak zdobou byli, tak i postrachem."""
881,test,J,"""A jakých bojů tehdá bývalo,"""
882,test,J,"""a jakých rohů, kopyt, tesáků,"""
883,test,J,"""ran jakých za řvů hrozných padalo:"""
884,test,J,"""to arci neví malicherný svět,"""
885,test,J,"""v němž nevidět už těla kloudného,"""
886,test,J,"""v němž pána dělá každý trpaslík."""
887,test,J,"""A na našince odvážit se chce"""
888,test,J,"""takové kočce trochu žíhané!“"""
889,test,J,"""Tak mručel otec slon a rypákem"""
890,test,J,"""si na vše strany klátil rozzloben."""
891,test,J,"""Nuž, račte, mistře slone, dovolit."""
892,test,J,"""Já člověk o slovo se hlásím teď."""
893,test,J,"""Jen nehrajte tak zhurta bandurskou."""
894,test,J,"""Je praček znamenitých v světě dost."""
895,test,J,"""Já povím Vám jen jednu historku,"""
896,test,J,"""jen na příklad a jako z čítanky,"""
897,test,J,"""jak pral se jednou jistý Tegetthoff."""
898,test,J,"""Stál, cigarettu kouře, na lodi,"""
899,test,J,"""jež mlhou hnala hustou ku předu,"""
900,test,J,"""a v pravo, v levo, ač nic nevidět,"""
901,test,J,"""však slyšet bylo lodi ostatní,"""
902,test,J,"""jichž kola duněla a vrčela,"""
903,test,J,"""jak kdyby mrakem supi letěli."""
904,test,J,"""„Persano bude trochu překvapen!“"""
905,test,J,"""Už z mlhy vyrazily. Slunce svit"""
906,test,J,"""švih’ na moře jak vytasený meč"""
907,test,J,"""a před očima loďstvo italské."""
908,test,J,"""„Jen plnou silou v ně!“ dal znamení,"""
909,test,J,"""a lodi obrněné letěly,"""
910,test,J,"""šik lodí nepřátelských rozražen"""
911,test,J,"""a z lodí všechněch pouhá směsice,"""
912,test,J,"""jež objíždějí sebe ve kruhu,"""
913,test,J,"""z děl spousty kulí na se chrlíce,"""
914,test,J,"""že z kouře, jenž vše kolem zahalil,"""
915,test,J,"""se blýskalo, jak z mraků šlehá blesk,"""
916,test,J,"""když celou zatáhne bouř krajinu."""
917,test,J,"""Tam stožár praská, padá přeražen"""
918,test,J,"""a roztrháno sviští lanoví"""
919,test,J,"""vše slepě kolem sebe bičujíc"""
920,test,J,"""a pádem trámů komín ohnutý"""
921,test,J,"""kouř na palubu chrlí smrdutý."""
922,test,J,"""Toť asi hůř, než rypák ukousnout!"""
923,test,J,"""Tam mžikem spatřil Sterneck-Doudlebský,"""
924,test,J,"""jak velký před ním koráb táhne v příč."""
925,test,J,"""„Teď plnou parou v před! – Dost! – Nazpátek!“"""
926,test,J,"""Svou přídu v bok mu bleskem zarazil"""
927,test,J,"""a vyvleknuv se, by tam neuváz’,"""
928,test,J,"""zří, jak se v pravo kloní pyšná loď,"""
929,test,J,"""jak v boku zeje otvor ohromný,"""
930,test,J,"""jímž moře vniká proudem do útrob,"""
931,test,J,"""že přídu tyčíc ještě na posled"""
932,test,J,"""do hlubin klesá mořských na věky;"""
933,test,J,"""s korábem tonouc mužstvo italské"""
934,test,J,"""svůj vypálilo výstřel poslední"""
935,test,J,"""a už je moře s lodi splachuje"""
936,test,J,"""a roznáší jich těla tonoucí,"""
937,test,J,"""jež lodí různých kolo rozmílá,"""
938,test,J,"""že hlavy, údy, těla zdrcená"""
939,test,J,"""vrou na povrch jak vroucích ze zřídel."""
940,test,J,"""To asi víc než tygra rozšlapat!"""
941,test,J,"""Nuž, chápete? Což teprv na zemi,"""
942,test,J,"""když v boji utkají se tisíce"""
943,test,J,"""a vojáci jak hrušky padají,"""
944,test,J,"""z Ibí rozstřelených mozek řine se,"""
945,test,J,"""z těl roztrhaných střeva lezou ven,"""
946,test,J,"""z žil stříká rudá krev jak vodotrysk"""
947,test,J,"""a k tomu hudby hrají pěkný marš"""
948,test,J,"""a děla houkají svůj hromný zpěv:"""
949,test,J,"""tu byste, mistře slone, utíkal"""
950,test,J,"""a celá předpotopní elita,"""
951,test,J,"""jichž kostry vystaveny v musejích,"""
952,test,J,"""by jako myši díry hledala!"""
953,test,J,"""Jste, Blahorodí, jako filolog,"""
954,test,J,"""jenž v starých představách svých zkoprněl"""
955,test,J,"""a na kulturu hledí moderní"""
956,test,J,"""s hlediska, jehož nelze udržet."""
957,test,J,"""Laudator acti temporis, to jest:"""
958,test,J,"""Vy ani nevíte, co pranice."""
959,test,J,"""Náš věk je velmi, velmi daleko,"""
960,test,J,"""náš pokrok všude velmi ohromný,"""
961,test,J,"""duch lidský neunavně pátravý,"""
962,test,J,"""my na pranice máme mašiny!"""
963,test,J,"""V tom rozdíl veliký – ač jedinký"""
964,test,J,"""to vystihl cár Třetí Mikuláš."""
965,test,J,"""Tři svatí sobě vyprosili,"""
966,test,J,"""by směli trochu na svět dolů;"""
967,test,J,"""že prý se jenom poohlednou"""
968,test,J,"""a zase brzo vrátí spolu."""
969,test,J,"""Snesl je anděl. Byli dole."""
970,test,J,"""A stáli v poušti. Moře písku..."""
971,test,J,"""Aj, tamhle cosi pohnulo se,"""
972,test,J,"""tam sedí stařec na skalisku."""
973,test,J,"""Byl lysý, nahý, vráskovitý"""
974,test,J,"""a držel trnitý prut v ruce."""
975,test,J,"""To lidský Osud. Vládne žitím,"""
976,test,J,"""poroučí smrti, zdraví, muce."""
977,test,J,"""Tu první, profesor kdys, praví:"""
978,test,J,"""„Nemějte za zlé, že se táži."""
979,test,J,"""Co den slyšíme stesky, vzdechy"""
980,test,J,"""a tisíc zdviženo je paží,"""
981,test,J,"""a tisíc žalob k nebi táhne,"""
982,test,J,"""že mučíte i malé děcko,"""
983,test,J,"""že nevinného rozsápáte,"""
984,test,J,"""že slepý jste. Je pravda všecko?“"""
985,test,J,"""Však stařec, bradu opřev o dlaň,"""
986,test,J,"""jen mlčel, klátě tiše prutem."""
987,test,J,"""Tu druhý, vojákem jenž býval,"""
988,test,J,"""děl vlídně, v citu bolně hnutém:"""
989,test,J,"""„Snad boží vůle za nástroje"""
990,test,J,"""vám pekelníky přidělila;"""
991,test,J,"""ti hůř snad tropí, než vy chcete,"""
992,test,J,"""že ukrutná tak vaše díla."""
993,test,J,"""I ve válce se kdys tak děje,"""
994,test,J,"""když vojsko při dobytí města"""
995,test,J,"""drancuje, vraždí, pálí, mučí,"""
996,test,J,"""že vůdci oškliví se směs ta.“"""
997,test,J,"""Tu stařec poušklíb’ se trpce"""
998,test,J,"""a mluvil tiše, více k sobě:"""
999,test,J,"""„Beránci moji, tovaryši,"""
1000,test,J,"""vy útěcho má ve starobě,"""
1001,test,J,"""ty smrti pilná bez únavy,"""
1002,test,J,"""vy věčně pracující víly,"""
1003,test,J,"""vy sluzi velebnosti boží,"""
1004,test,J,"""jež zákonův se neuchýlí!"""
1005,test,J,"""Ta luza lidská nestydí se"""
1006,test,J,"""a svatým pokoj nedá v nebi"""
1007,test,J,"""a na vás stěžuje si, na mne."""
1008,test,J,"""Ta má těch žalob zapotřebí!"""
1009,test,J,"""Co tygr neudělá tygru,"""
1010,test,J,"""dělají lidé stále lidem,"""
1011,test,J,"""co zvíře nedovede v zlosti,"""
1012,test,J,"""dělají sobě v smíchu, s klidem."""
1013,test,J,"""A pro vše mají slova krásná"""
1014,test,J,"""a svádějí vše do systému"""
1015,test,J,"""a velebí ten pokrok světa"""
1016,test,J,"""a vraždění se koří svému."""
1017,test,J,"""Když moře bouří, zem se třese"""
1018,test,J,"""a sopka soptí – co tu křiku!"""
1019,test,J,"""Nuž, páni, projděte se Čínou"""
1020,test,J,"""a pohlédněte na Afriku!“"""
1021,test,J,"""Děl první svatý: „Pravdu mluví,"""
1022,test,J,"""zná mnoho historické látky.“"""
1023,test,J,"""A třetí, posud nepromluviv,"""
1024,test,J,"""děl tiše: „Pojďme raděj zpátky!“"""
1025,test,J,"""Byl žebravým kdys řádu mnichem,"""
1026,test,J,"""pokorně řekl: „Naše díky!“"""
1027,test,J,"""Stařičký Osud za ním volá:"""
1028,test,J,"""„Že pozdravuju mučeníky!“"""
1029,test,J,"""Tak dobrý večer! Je tam krásný vzduch!"""
1030,test,J,"""Dost fijal pravých, vonných nesu"""
1031,test,J,"""a petrklíčů, jichž je plný luh."""
1032,test,J,"""Nic se mnou není do těch lesů!"""
1033,test,J,"""Už Dafné, již jsem přinášíval rudou,"""
1034,test,J,"""i bílé sněženky těm mladším zbudou."""
1035,test,J,"""A rozděl, stará, do sklenic to dvou,"""
1036,test,J,"""zvlášť pro každého, mne i tebe."""
1037,test,J,"""Fijalky buďtež modrou oblohou"""
1038,test,J,"""a petrklíče hvězdy nebe."""
1039,test,J,"""Jen nebes barvy svěťtež v tuto dobu,"""
1040,test,J,"""už pučí trávník – připomínka hrobu."""
1041,test,J,"""A podobizny starých druhů snes,"""
1042,test,J,"""ať s nimi v duchu promluvím si,"""
1043,test,J,"""ať zvědí, jak tam venku krásně dnes."""
1044,test,J,"""A onen džbánek podej s římsy,"""
1045,test,J,"""já přípitek ti vznesu dobře známý:"""
1046,test,J,"""„Na zdraví tvé a moje! Pán Bůh s námi!“"""
1047,test,J,"""Všeho se život chytá, jak rez kovu,"""
1048,test,J,"""všade se zahnizďuje jako plíseň;"""
1049,test,J,"""jej vypleješ-li, usadí se v novu"""
1050,test,J,"""a bují víc, kde větší zdá se tíseň;"""
1051,test,J,"""v zem, vodu, vzduch jak jakás kletba vniká."""
1052,test,J,"""Svět celý porodnice převeliká,"""
1053,test,J,"""kde porod za porodem, jen se minou,"""
1054,test,J,"""a plození a porod nezahynou."""
1055,test,J,"""Kulaté planety je povrch celý"""
1056,test,J,"""bytostmi posypán. Viz bylin říši;"""
1057,test,J,"""severních skalisk mech jaks ošumělý"""
1058,test,J,"""a potom nádheru, jíž v jihu dýší;"""
1059,test,J,"""slyš lesy šumící, jež horstva vroubí,"""
1060,test,J,"""slyš trávy šepotavé v dolin hloubi,"""
1061,test,J,"""viz růží zář a jak se révy vinou."""
1062,test,J,"""Kde povstaly, byliny tiše hynou."""
1063,test,J,"""A mezi nimi, po nich zvíře skáče"""
1064,test,J,"""a plazí se a hnízdí, skupuje se"""
1065,test,J,"""ve stáda, hejna, roje, ve chumáče"""
1066,test,J,"""a zpívá, vřeští, ticho bloudí v lese,"""
1067,test,J,"""tam staví stavby, tam zas stepí letí,"""
1068,test,J,"""tu vzduchem táhne v podzim, za podletí,"""
1069,test,J,"""tam řádí, svádí mořskou pod hladinou."""
1070,test,J,"""Zde rodí se, tam žijí, jinde hynou."""
1071,test,J,"""A po zemi a po horách smrt chodí,"""
1072,test,J,"""vymete koutek světa nejskrytější,"""
1073,test,J,"""poletá vzduchem, hlubinou se brodí,"""
1074,test,J,"""že jeden velký hřbitov svět je zdejší."""
1075,test,J,"""Ta pravda jediná je nad vše jistá,"""
1076,test,J,"""že každému se žití konec chystá,"""
1077,test,J,"""že v jednu propast živoucí se řinou,"""
1078,test,J,"""kdo narozeni, všichni mrou a hynou."""
1079,test,J,"""Jen lidský duch, bez mezí prostorových,"""
1080,test,J,"""i času tekutého nezná hranic."""
1081,test,J,"""Co dole tlí, co zaházeno v rovích,"""
1082,test,J,"""to nezdržuje jeho práci pranic."""
1083,test,J,"""Nůž v mrtvoly se ponořuje ostrý,"""
1084,test,J,"""pravěkých tvorů sestaveny kostry."""
1085,test,J,"""Duch za smrtí jde stopou svojí, jinou"""
1086,test,J,"""a problémy mu smrtí nevyhynou."""
1087,test,J,"""Vzplanuly hvězdy před tisíci lety,"""
1088,test,J,"""jich světlo putovalo po nebesku,"""
1089,test,J,"""až padlo ve pozemských krajů květy."""
1090,test,J,"""Tu člověk na citlivou chytí desku"""
1091,test,J,"""jich obraz mžikem, fotogrammy schová"""
1092,test,J,"""pro příští věk, až konstellace nová"""
1093,test,J,"""ukáže, stálice že také hynou,"""
1094,test,J,"""však stopy jejich duchu nezahynou."""
1095,test,J,"""Smrt nepřetrhá tajné duchu tkaně,"""
1096,test,J,"""jež přes věky se v naši mysl předou."""
1097,test,J,"""Nás jímá touha Indův po nirvaně,"""
1098,test,J,"""i ples, jejž Řekův charitky si vedou."""
1099,test,J,"""Učitel mnohý z hrobu „Postůj!“ volá."""
1100,test,J,"""Co jiskra nám to příštím rozplápolá,"""
1101,test,J,"""blahoslavenství slova posud řinou,"""
1102,test,J,"""jež Kristus děl – ta slova nezahynou."""
1103,test,J,"""V Alhambře večer v „síni sester“ Jessuf král"""
1104,test,J,"""stál u arkýře při západní gallerii"""
1105,test,J,"""a do zahrad se díval. Časem vztyčil šíji"""
1106,test,J,"""a patřil do nebe a pak se pousmál."""
1107,test,J,"""Tu Fatmě, která vedle stála krásolící,"""
1108,test,J,"""do vlasů rukou pravou vjel a drže kštici"""
1109,test,J,"""nespouštěl s nebe hvězdnatého očí svých."""
1110,test,J,"""Levicí vzhůru ukazuje děl: „Viz, dítě,"""
1111,test,J,"""tam stojí ,hamil rás – al gúl‘ ve hrdém třpytě,"""
1112,test,J,"""jenž čarodějky hlavu sťatou vzhůru zdvih’,"""
1113,test,J,"""jak já teď hlavu držím čarodějky svojí."""
1114,test,J,"""A dole na pokraji mléčné dráhy stojí"""
1115,test,J,"""hvězdice jasná, jejíž jméno al-gúl jest,"""
1116,test,J,"""to démon – srdce moje! Hvězdář pravdu káže."""
1117,test,J,"""Jak u bran Alhambry se noční střídá stráže,"""
1118,test,J,"""al-gúl se mění tak: jak odměna a trest."""
1119,test,J,"""Teď ubývá ho, až zas brzo po půlnoci"""
1120,test,J,"""se rozesvítí, aby zářil v plné moci."""
1121,test,J,"""Tak srdce mužské chová se a tak al-gúl.“"""
1122,test,J,"""„„A srdce moje vždycky stejně plá, můj pane,"""
1123,test,J,"""vždy láskou hoří, jak ta rudá hvězda plane,"""
1124,test,J,"""již vidět tamto. Ženy srdce nikdy půl!““"""
1125,test,J,"""Z Granady slunné zmizel dávno Maurův kmen,"""
1126,test,J,"""však hvězdy stejně slují až po dnešní den."""
1127,test,J,"""V souhvězdí Persea, jenž hlavu Medusinu"""
1128,test,J,"""do výše zvedá, vítěz velikého činu,"""
1129,test,J,"""stálici velkou zovem’ Algol dosavád,"""
1130,test,J,"""jež s přesností se divuhodnou stále mění,"""
1131,test,J,"""tu rozzáříc se, pak zas upadajíc v tmění,"""
1132,test,J,"""a pravidelně od staletí jde ten řád."""
1133,test,J,"""Ty po boku-li nemáš krásolící Fatmy,"""
1134,test,J,"""moderní dámě ukaž, až se Algol zatmí:"""
1135,test,J,"""„Teď, dámo, prozradím Vám, co je mužská lest."""
1136,test,J,"""Jeť Algol slunce – jako naše – v nebes dáli,"""
1137,test,J,"""kol něho průvodce se točí velký, stálý,"""
1138,test,J,"""však temný. Na vteřinu vypočteno jest,"""
1139,test,J,"""kdy za Algolem schován ve svém obíhání,"""
1140,test,J,"""kdy před Algolem stoje jeho lesku brání,"""
1141,test,J,"""vzdálenost obou, průměr jejich dobře znám."""
1142,test,J,"""Vy v srdcích mužů čtete – lest to Vaše."""
1143,test,J,"""My v světě sluncí čteme – lest to naše,"""
1144,test,J,"""skulinou zříme lstivě v světa velký chrám.“"""
1145,test,J,"""Těch duší pouť, jimž břímě žití"""
1146,test,J,"""se těžké ssulo v smrti chvíli,"""
1147,test,J,"""jde mořem tichým; vlnobití"""
1148,test,J,"""tam není, aniž skály hrozí."""
1149,test,J,"""Je anděl mlčící a bílý"""
1150,test,J,"""jak Charon v loďce zlaté vozí"""
1151,test,J,"""ke hvězdám v nebes tiché přístavy."""
1152,test,J,"""Tak myslívám, když zlatě blýskavý"""
1153,test,J,"""se půlměsíček zjeví zraku,"""
1154,test,J,"""jak člun, jenž modrým mořem plyne"""
1155,test,J,"""a souhvězdími zodiaku"""
1156,test,J,"""se proplítá vždy k hvězdě jiné."""
1157,test,J,"""Mé v ouplněk zas rádo oko"""
1158,test,J,"""se v nocích jasných ponořívá,"""
1159,test,J,"""když měsíc, stoje převysoko,"""
1160,test,J,"""upřeně s výčitkou sem zírá."""
1161,test,J,"""On viděl ráj. Viděl, jak divá"""
1162,test,J,"""potopa spolkla zem. Jak čirá"""
1163,test,J,"""noc zahalila svět v den Golgaty."""
1164,test,J,"""Mně zdá se, že tam erb je bohatý"""
1165,test,J,"""zavěšen v paměť toho všeho,"""
1166,test,J,"""s postavou krále Davidovou,"""
1167,test,J,"""neb z královského rodu jeho"""
1168,test,J,"""byl ten, jejž Spasitelem zovou."""
1169,test,J,"""A já zas dalekohled beru,"""
1170,test,J,"""bych měsíc viděl více z blízka."""
1171,test,J,"""Mně připadá jak hřbitov v šeru,"""
1172,test,J,"""jak spousta mohyl, obrův hroby,"""
1173,test,J,"""v jichž lůno němé slunce blýská"""
1174,test,J,"""a ledovým je leskem zdobí."""
1175,test,J,"""Ni vzduchu tam, ni vody, života."""
1176,test,J,"""Tu tam se něco řítí, troskotá,"""
1177,test,J,"""jak pod zemí když krtek ryje,"""
1178,test,J,"""jak řícení se starých hrobů."""
1179,test,J,"""Co život – pod půdou se kryje"""
1180,test,J,"""podzemních život anaerobů."""
1181,test,J,"""Nad mořem stál tak rozkročený,"""
1182,test,J,"""jak Rhodský kolos. Nocí pýcha"""
1183,test,J,"""severních! Olbřím nebes! Zticha"""
1184,test,J,"""šla luna za mořských vln stěny,"""
1185,test,J,"""s ní obláčky dva šedobílé,"""
1186,test,J,"""jak vdova bledá v roušce chudé."""
1187,test,J,"""Teď zavlád’ on v své plné síle,"""
1188,test,J,"""vzpínaje témě ku zenitu,"""
1189,test,J,"""odvrácen od tichého polu,"""
1190,test,J,"""na pleci jedné světlo rudé,"""
1191,test,J,"""na druhé zlaté, skvoucí hravě,"""
1192,test,J,"""kol těla pás zlatého třpytu,"""
1193,test,J,"""meč krátký s pasu svislý dolů –"""
1194,test,J,"""velikán v trpasličím davě."""
1195,test,J,"""Pes Velký pod ním jako v skoku;"""
1196,test,J,"""modravé Siria v něm světlo"""
1197,test,J,"""jak vášeň vražedná v psím oku,"""
1198,test,J,"""když plaché kuře před ním vzlétlo."""
1199,test,J,"""Kus dále Prokyon, pes malý,"""
1200,test,J,"""se za svým pánem plazí tiše."""
1201,test,J,"""A před Olbřímem dále výše"""
1202,test,J,"""sbor Plejad teskně světélkuje"""
1203,test,J,"""– kuřátek houfec ustrašený –"""
1204,test,J,"""jakoby křídly třepotaly."""
1205,test,J,"""Po moři dole vichr duje,"""
1206,test,J,"""na vlnách víří bílé pěny"""
1207,test,J,"""a lůno vod je plno jeku."""
1208,test,J,"""Zda rozuměl jsem báji staré,"""
1209,test,J,"""jež vznikla v Řeků čilé lebi,"""
1210,test,J,"""a cítil smyšlenky jich jaré,"""
1211,test,J,"""tak vídali jej v dávnověku"""
1212,test,J,"""hellenští plavci na svém nebi,"""
1213,test,J,"""na moři spředli bájku onu,"""
1214,test,J,"""již Pindar vypravuje v písni:"""
1215,test,J,"""jak za dcerami se Pleionu"""
1216,test,J,"""pět let Orion, lovec divý,"""
1217,test,J,"""po světě honil, až v té tísni"""
1218,test,J,"""Zeus sám je ukryl v nebes nivy."""
1219,test,J,"""I šel jsem na hvězdárnu honem,"""
1220,test,J,"""jež pýchou severního Kielu."""
1221,test,J,"""Mne mistr přijal vlídným tónem"""
1222,test,J,"""a ukázal mi Oriona divy."""
1223,test,J,"""Pochváliv refraktora sílu"""
1224,test,J,"""vykládal mistr přívětivý,"""
1225,test,J,"""jak v půli Olbřímova těla"""
1226,test,J,"""tři hvězdy příčnou čarou stojí,"""
1227,test,J,"""jichž jména Jakubova hole"""
1228,test,J,"""– pás Orionův bájka děla –"""
1229,test,J,"""pod nimi zřít už v slabém stroji,"""
1230,test,J,"""jak mlhovina prokmitává,"""
1231,test,J,"""kde Orionův meč je dole."""
1232,test,J,"""V silnějším stroji mlha svítí,"""
1233,test,J,"""jen v prostředku je propast tmavá;"""
1234,test,J,"""tam čtyři hvězdy snadno zříti,"""
1235,test,J,"""jež pravidelný čtverhran tvoří"""
1236,test,J,"""– to trapez Orionův známý;"""
1237,test,J,"""a kde se v mlhu druhá propast boří,"""
1238,test,J,"""to místo jméno má „lví tlamy“."""
1239,test,J,"""Kol trapezu se mlhy vinou,"""
1240,test,J,"""jich vidět pravidelné pruhy,"""
1241,test,J,"""jež stočeny jsou do spirálky"""
1242,test,J,"""a odtud z velikého víru"""
1243,test,J,"""se rozbíhají v nebes tahy,"""
1244,test,J,"""do nekonečné řidnou dálky;"""
1245,test,J,"""pomalu blednou, oku hynou,"""
1246,test,J,"""až konečně se oku ztrácí."""
1247,test,J,"""Pohádka těžká všehomíru."""
1248,test,J,"""Že plyny jsou to v žhavé práci,"""
1249,test,J,"""jež jedno dílo v celek víže,"""
1250,test,J,"""to nad pochybnost dokázáno."""
1251,test,J,"""To oku zříti bylo přáno."""
1252,test,J,"""Tu stál jsem věčným tajům blíže."""
1253,test,J,"""A zas jsem kráčel dolů k moři."""
1254,test,J,"""Co plavec sobě smyslil řecký"""
1255,test,J,"""o lovci krutém, Plejad hoři,"""
1256,test,J,"""to dětských časů nápad dětský."""
1257,test,J,"""Co oko ozbrojené vidí,"""
1258,test,J,"""nám mysl v jiné strany řídí."""
1259,test,J,"""Kde v Orionu mlha stojí,"""
1260,test,J,"""tam síly veliké jsou v boji,"""
1261,test,J,"""tam věci veliké se strojí."""
1262,test,J,"""Tam jedna z věkověčných dílen,"""
1263,test,J,"""kde život světa, věčně pilen,"""
1264,test,J,"""a neumorně tvoře, robě"""
1265,test,J,"""a maře zas, se kochá v sobě."""
1266,test,J,"""Snad spoutány tam vlasatice,"""
1267,test,J,"""jichž ohony, se mrskajíce,"""
1268,test,J,"""ve víru ohromném se válí"""
1269,test,J,"""a točí v prázdné jakés dáli,"""
1270,test,J,"""až silou odstředivou hnány"""
1271,test,J,"""zas rozlétnou se rozpoutány,"""
1272,test,J,"""do soustav sluncí vniknou různých,"""
1273,test,J,"""že hvězdy jedny žárem vzplanou"""
1274,test,J,"""a jiné vybočíce stranou"""
1275,test,J,"""utuhnou rychle v mrazech hrůzných,"""
1276,test,J,"""a soustav blízkých měsícové,"""
1277,test,J,"""jak prášky v letu otřeseni,"""
1278,test,J,"""se motajíce běh svůj změní,"""
1279,test,J,"""až zvolna najdou dráhy nové."""
1280,test,J,"""Snad v mlhovin těch jasném víru"""
1281,test,J,"""spí útvar jasný všehomíru"""
1282,test,J,"""a síly, které v středu stojí,"""
1283,test,J,"""je ve stálice jasné spojí,"""
1284,test,J,"""v souhvězdí formu velekrásnou,"""
1285,test,J,"""že bydlitelé sluncí zžasnou. –"""
1286,test,J,"""Záhubě nikdo neubíhá."""
1287,test,J,"""Na Oriona osud číhá;"""
1288,test,J,"""i bez katastrof v času toku"""
1289,test,J,"""stálice jeho, dnesky rudé,"""
1290,test,J,"""vychladnou, shasnou, zmizí oku;"""
1291,test,J,"""vše přijde jiné do polohy,"""
1292,test,J,"""hůl Jakubova trojhran bude,"""
1293,test,J,"""pás zmizí, ramena i nohy."""
1294,test,J,"""Olbříma vnuci nepoznají,"""
1295,test,J,"""souhvězdí samo bude – bájí."""
1296,test,J,"""Co myslíte? Mám nápad divný."""
1297,test,J,"""Dám arkýř vymalovat znova,"""
1298,test,J,"""mně pohled naň už přeprotivný."""
1299,test,J,"""Jest obnošen, jak všední slova,"""
1300,test,J,"""jak všecky rýmovačky staré,"""
1301,test,J,"""jak hudba melodických tónů."""
1302,test,J,"""Jen nové jesti silné, jaré,"""
1303,test,J,"""nám třeba nových visiónů."""
1304,test,J,"""Ba, věřte mi, i celé nebe,"""
1305,test,J,"""ten měsíc i ty hvězdy zlaté"""
1306,test,J,"""jsou otřepány, z módy vzaté."""
1307,test,J,"""A mne ta fádnost přímo zebe."""
1308,test,J,"""Dám vymalovat nebes báni,"""
1309,test,J,"""jak viděti ji se Saturna,"""
1310,test,J,"""už malíř skizzy k tomu shání."""
1311,test,J,"""Tu za večera, za pochmurna"""
1312,test,J,"""v arkýři sednu potom sobě"""
1313,test,J,"""a patřit budu v nebe jiné."""
1314,test,J,"""Tam oblouk duhy ve podobě"""
1315,test,J,"""se nad obzorem stále vine"""
1316,test,J,"""a nad ním druhý, nad tím třetí"""
1317,test,J,"""v ohromném širém rozepjetí."""
1318,test,J,"""Oblouk se každý jasní, třpytí"""
1319,test,J,"""z tisíců sestávaje srpů."""
1320,test,J,"""Nám jeden půlměsíček svítí,"""
1321,test,J,"""chtě kosit modrou nebes chrpu."""
1322,test,J,"""Tam měsíčků je na tisíce,"""
1323,test,J,"""své mají ouplňky a čtvrti,"""
1324,test,J,"""a měsíce ty, blýskajíce"""
1325,test,J,"""jak drahokamy v zlata drti,"""
1326,test,J,"""jak barevný prach na vějíři,"""
1327,test,J,"""jak barevný pel na motýlích,"""
1328,test,J,"""v soustavě oblouků tří víří."""
1329,test,J,"""Ach, jaký pohled v dlouhých chvílích!"""
1330,test,J,"""A nad oblouky v nebes moři"""
1331,test,J,"""měsíců velkých osm plove,"""
1332,test,J,"""jeden se v dálky nebes noří,"""
1333,test,J,"""jeden se blíží, jakby nové"""
1334,test,J,"""přinášel zvěsti; zatměn jeden"""
1335,test,J,"""a druhý zlato kolem leje."""
1336,test,J,"""Tam do jiných snů duch je veden;"""
1337,test,J,"""tam jiný horizont než zde je."""
1338,test,J,"""Váš nápad duchaplný jistě,"""
1339,test,J,"""leč přidat něco dovolte mi."""
1340,test,J,"""Nech malíř dole, na tom místě,"""
1341,test,J,"""přidá i Saturňanův zemi."""
1342,test,J,"""Já domnívám se, že tam tvorů"""
1343,test,J,"""dost imposantních sbírka asi."""
1344,test,J,"""Nech vymaluje na obzoru"""
1345,test,J,"""kouřících bařin širé massy,"""
1346,test,J,"""v nichž potvor tisíce se válí,"""
1347,test,J,"""však potvor, za barvu jež stojí;"""
1348,test,J,"""co Breughel maloval, to z dáli"""
1349,test,J,"""as podobá se tomu roji,"""
1350,test,J,"""jejž v mysli mám. Co krokodily,"""
1351,test,J,"""megalotheria a draci,"""
1352,test,J,"""co dávní ještěrové byli,"""
1353,test,J,"""to sloužiž jen imaginaci."""
1354,test,J,"""To všecko zvětšit, skombinovat"""
1355,test,J,"""a namalovat lítých hovad,"""
1356,test,J,"""jak jedno na druhé si číhá"""
1357,test,J,"""a to onomu neubíhá –"""
1358,test,J,"""To obraz bohat na motivy."""
1359,test,J,"""A, prosím, nijak nepravdivý."""
1360,test,J,"""Tak vypadá to tam a všude,"""
1361,test,J,"""není-li, bylo nebo bude."""
1362,test,J,"""Ne z listu knihy, z listu stromu čtiž!"""
1363,test,J,"""Utrhni sobě s lípy jediný"""
1364,test,J,"""a drž jej, proti světlu prohlížej,"""
1365,test,J,"""jak krásná v něm a pravidelná síť"""
1366,test,J,"""se rozepřádá, jdouc až ku kraji –"""
1367,test,J,"""síť žilek, jimiž šťávy kolují,"""
1368,test,J,"""by buňkám daly čerstvou potravu."""
1369,test,J,"""Života stromu tak jsi urval kus."""
1370,test,J,"""Kde stopka listu k stromu připjata,"""
1371,test,J,"""tam cévy do ní z větve vstupují,"""
1372,test,J,"""jimiž se proudí šťáva životní."""
1373,test,J,"""Cévy pak ze pně jdou a sahají"""
1374,test,J,"""až ke kořenům v zemi rozpjatým,"""
1375,test,J,"""jichž konečky jsou jemné pavučí."""
1376,test,J,"""V kořínkách pracovníkův nepočet,"""
1377,test,J,"""buniček malých, samých dělníkův,"""
1378,test,J,"""jež z prsti vyrábějí dolivo"""
1379,test,J,"""jak horníci, co v dolech pracují."""
1380,test,J,"""Tam bakterií rody všeliké,"""
1381,test,J,"""podobny jaksi kastám otrokův,"""
1382,test,J,"""jim pomahají, v prsti hrabou se,"""
1383,test,J,"""ji rozštěpujou, lámou v částice"""
1384,test,J,"""a molekuly staví, rovnají."""
1385,test,J,"""Tu práci sleduj v duchu ještě dál:"""
1386,test,J,"""kde molekula jen se odšine,"""
1387,test,J,"""již jiná musí prostor nahradit,"""
1388,test,J,"""a kde má práce ta své skončení,"""
1389,test,J,"""jak hluboko jde v země útroby?"""
1390,test,J,"""A zase k listu vrať se myšlénkou."""
1391,test,J,"""Tkaň jeho ukazuje drobnohled:"""
1392,test,J,"""buniček řady, čety, čeledi"""
1393,test,J,"""ve vrstvy, pásma ladně srovnaných,"""
1394,test,J,"""z nichž každá samostatnou bytostí,"""
1395,test,J,"""jež na jaře se všecky rodily,"""
1396,test,J,"""když z větve pučel listen mladistvý."""
1397,test,J,"""S měsíce kdyby oko patřilo,"""
1398,test,J,"""zeleně jemný tón by potěšil,"""
1399,test,J,"""jímž oběžnice země pokryta,"""
1400,test,J,"""kde lesů spousty jdou a prérií;"""
1401,test,J,"""tu zeleň robí listu buničky,"""
1402,test,J,"""ji v drobnohledu v zrnkách malých zříš."""
1403,test,J,"""A mezi buničkami otvory"""
1404,test,J,"""jsou průdušnice skryty bylinné,"""
1405,test,J,"""z nichž vane dech, jak ze plic zvířete,"""
1406,test,J,"""jež stále ztrácejí se do vzduchu."""
1407,test,J,"""A kde se molekula pošine,"""
1408,test,J,"""tam jiné vstoupiti jest na místo,"""
1409,test,J,"""a kde má práce ta své skončení,"""
1410,test,J,"""jak vysoko jde v nebes výšinu?"""
1411,test,J,"""Až podzim od severu přikvačí,"""
1412,test,J,"""té práci bude konec žalostný."""
1413,test,J,"""Co list, vše vadne, sžloutne, opadá,"""
1414,test,J,"""a seschlých listů zbytky zkroucené"""
1415,test,J,"""před sebou vichr plání požene,"""
1416,test,J,"""mrtvoly buněk malých stíhaje."""
1417,test,J,"""Když bělokorá bříza šepotá,"""
1418,test,J,"""když o polednách zdlouha dýchá les,"""
1419,test,J,"""když v sýkotách se klepe osyka,"""
1420,test,J,"""když v bouři lípa lomí rameny"""
1421,test,J,"""a větve javorů když skřípají –"""
1422,test,J,"""Dryady Řekův jakby mluvily."""
1423,test,J,"""Dryady, slepy jste – strom nevidí!"""
1424,test,J,"""Dryady, hluchy jste – strom neslyší!"""
1425,test,J,"""A přece žije strom a duši má,"""
1426,test,J,"""života jeho taj je hluboký,"""
1427,test,J,"""ač smyslů lidských jemu netřeba."""
1428,test,J,"""Což netluče nám srdce ve spaní,"""
1429,test,J,"""když mozek prost a prázden milých snův?"""
1430,test,J,"""Což nehojí se rána vojínu,"""
1431,test,J,"""jenž polomrtev kdesi nalezen"""
1432,test,J,"""v mrákotách leží dní a nocí čas?"""
1433,test,J,"""Což neporodí žena bez smyslů,"""
1434,test,J,"""když tluče plod na bránu života?"""
1435,test,J,"""Což život není víc než myšlení?"""
1436,test,J,"""Což problém světa jest jen – logika?"""
1437,test,J,"""Procházkou u Kundstruppu Tyge Brahe šel,"""
1438,test,J,"""už zima bylo, listopad ten jasný byl;"""
1439,test,J,"""a hledě k zenitu, ke smrti ustrnul."""
1440,test,J,"""V Kassiopeji vedle „Kappa“ hvězdice"""
1441,test,J,"""tam stála hvězda nová, velká, přeskvoucí."""
1442,test,J,"""I zavolal své druhy všecky z hvězdárny"""
1443,test,J,"""a ptal se mimojdoucích lidí teskně všech,"""
1444,test,J,"""zda vidí hvězdu tu. Že sešílel, se bál."""
1445,test,J,"""A hvězda stála, přibývalo lesku jí,"""
1446,test,J,"""až vévodila stálicím i planetám"""
1447,test,J,"""a nade všemi panovala v nebesku."""
1448,test,J,"""Však z jara ubývalo málem lesku jí"""
1449,test,J,"""a v roce zmizela. Svět celý viděl to,"""
1450,test,J,"""a posud neví nikdo, odkud vzala se,"""
1451,test,J,"""kam šla a jaký osud má, co znamenal"""
1452,test,J,"""ten okamžik, jenž velké boží bytosti"""
1453,test,J,"""jest jako záblesk v oku smrtelníků nás."""
1454,test,J,"""A odkud jdeme my a kam se berem’ my?"""
1455,test,J,"""Zde břízy žloutnou jako zlato"""
1456,test,J,"""a rudne buk; je jeseň laskavá;"""
1457,test,J,"""jen jednou padlo jíní na to;"""
1458,test,J,"""vždyť táhne na svatého Václava."""
1459,test,J,"""Cos prolhaného vrabci šepcí"""
1460,test,J,"""a plno nesmyslu kře hovoří."""
1461,test,J,"""Tak zavezte mne, koně křepcí,"""
1462,test,J,"""dnes kousek dále v naše pohoří."""
1463,test,J,"""Co se mnou jezdívali tuto,"""
1464,test,J,"""už arci nechodí a nejezdí."""
1465,test,J,"""Dnes cítím, jak to heslo kruto,"""
1466,test,J,"""jež hřbitovních sem vane ode zdí."""
1467,test,J,"""Nač mluvit čase o bývalém?"""
1468,test,J,"""Ta struna zaznívá vždy smutněji."""
1469,test,J,"""„Tak jeďte hezky mírným cvalem"""
1470,test,J,"""tou dlouhou jeřabinek alejí.“"""
1471,test,J,"""Silnice rovná jako proutek,"""
1472,test,J,"""ves stařičká, tam mlýnek ospalý –"""
1473,test,J,"""Ach jest to, jest ten horský koutek,"""
1474,test,J,"""čas na mne zevšad zírá bývalý."""
1475,test,J,"""„Teď zajedeme v panské lesy"""
1476,test,J,"""a rovně vzhůru kolem myslivny!“"""
1477,test,J,"""Skotáci pýřku pálí kdesi,"""
1478,test,J,"""tu v lese zašel puch ten protivný."""
1479,test,J,"""Jedeme. – Kočí oprať spouští,"""
1480,test,J,"""by koně měli chvíli oddechu,"""
1481,test,J,"""a ukazuje bičem v houští,"""
1482,test,J,"""kde srnka v padol pádí po mechu."""
1483,test,J,"""„Až pod kaplí zas zastavíme!“"""
1484,test,J,"""Tam vidět na mnoho mil do kraje."""
1485,test,J,"""A stromy, mechy, všecko dříme,"""
1486,test,J,"""jen soják hlídá, občas volaje."""
1487,test,J,"""Nad lesem ptáci letí k jihu,"""
1488,test,J,"""ach nebojte se, nejsem nadlesní;"""
1489,test,J,"""pozdravte jihu pouště, v mihu"""
1490,test,J,"""i studánku, jež na oáze sní."""
1491,test,J,"""Já táhnu v opak ku severu,"""
1492,test,J,"""kam ukazují všecky kompasy,"""
1493,test,J,"""kde jediný den v pološeru"""
1494,test,J,"""s jedinou nocí roku zápasí."""
1495,test,J,"""Tam z ledu Mráz si dómy staví,"""
1496,test,J,"""kry vzpírají se, hlomozí,"""
1497,test,J,"""ve stavbě míhají se, baví"""
1498,test,J,"""ssavcové bezrucí a beznozí."""
1499,test,J,"""Proud golfu teplý podemílá"""
1500,test,J,"""paláců ledných skvělé mámení,"""
1501,test,J,"""na troskách plave čeleď milá –"""
1502,test,J,"""mrož mrzutý, šibalští tuleni,"""
1503,test,J,"""a bílý medvěd ve úkrytu."""
1504,test,J,"""Kol pólu šílí kruhem vichřice,"""
1505,test,J,"""cos zabělalo u zenitu"""
1506,test,J,"""a magnetky se točí tančíce."""
1507,test,J,"""Co děje se? Viz, ohňostroje"""
1508,test,J,"""severní záře víří po nebi!"""
1509,test,J,"""Ach, země máti, žití Tvoje,"""
1510,test,J,"""tak složité a plno veleby,"""
1511,test,J,"""mou šedivou už mučí hlavu,"""
1512,test,J,"""jež luští těžkou světa pohádku,"""
1513,test,J,"""a rozluštit ji není v stavu."""
1514,test,J,"""„Tak jeďme, do noci už na krátku!“"""
1515,test,J,"""Jde na půlnoc. Tu Tvoje žena spí,"""
1516,test,J,"""tam děti schouleny jsou v ložích."""
1517,test,J,"""Teď okna otevři v klid půlnoční,"""
1518,test,J,"""ať z dalekých těch sadů božích"""
1519,test,J,"""sem prší světla stálic tiše,"""
1520,test,J,"""ať spáčům po tvářích se vlní,"""
1521,test,J,"""ať svatý éter místa plní,"""
1522,test,J,"""kde tvoje mladá čeleď ve snu dýše."""
1523,test,J,"""Sám zadívej se z okna v hvězdnou noc"""
1524,test,J,"""a pozoruj a měř ty kruhy,"""
1525,test,J,"""jak hvězdy vodí tíhy věčná moc"""
1526,test,J,"""po drahách, jež jak oblouk duhy."""
1527,test,J,"""Tam krouží Arktur zlatožlutý,"""
1528,test,J,"""tam modrý Sirius, tam bílá Spica –"""
1529,test,J,"""dvé hvězd tam – jakby švihly pruty –"""
1530,test,J,"""přelétlo, však se z dráhy nevymyká."""
1531,test,J,"""Mhy, deště zakryjí ti často vzhled"""
1532,test,J,"""k těch hodin nemylnému kroku,"""
1533,test,J,"""čas přijde, kde ti vzejdou naposled."""
1534,test,J,"""Přej nocí jasných svému oku,"""
1535,test,J,"""a dnes už poruč své i sebe"""
1536,test,J,"""sil věčných moci, chvilku prodli,"""
1537,test,J,"""hoď srdce své v to jasné nebe,"""
1538,test,J,"""jak člověk, jenž se posledníkrát modlí."""
